{
  "processing_summary": {
    "total_processed": 1,
    "successful": 1,
    "failed": 0,
    "errors": 0,
    "total_critical_issues": 0,
    "total_warnings": 3,
    "timestamp": "2025-06-11T04:06:25.809636"
  },
  "results": [
    {
      "lei": "5493001KJTIIGC8Y1R12",
      "input_row_number": 1,
      "output_path": "5493001KJTIIGC8Y1R12/compliance_report.xhtml",
      "validation_status": "success",
      "validation_errors": [],
      "data_quality_feedback": [
        {
          "severity": "warning",
          "field": "total_emissions",
          "issue": "Total emissions (12000.0) does not match sum of scopes (9500.0)",
          "recommendation": "Verify calculation methodology. Total should equal Scope 1 + Scope 2 (location-based) + Scope 3.",
          "compliance_impact": "May trigger auditor questions during limited assurance"
        },
        {
          "severity": "warning",
          "field": "scope3_emissions",
          "issue": "Scope 3 represents only 37.5% of total emissions",
          "recommendation": "Scope 3 typically represents 70-90% of total emissions. Review calculation methodology, especially Categories 1, 3, 4, and 11. Consider using GHG Protocol Scope 3 Evaluator tool.",
          "compliance_impact": "May indicate incomplete Scope 3 assessment"
        },
        {
          "severity": "warning",
          "field": "narrative_disclosures",
          "issue": "No narrative disclosures provided",
          "recommendation": "CSRD requires extensive narrative disclosures. Prepare descriptions for: transition plans, governance, strategy integration, stakeholder engagement, and double materiality assessment process.",
          "compliance_impact": "Missing mandatory narrative disclosures under ESRS"
        },
        {
          "severity": "suggestion",
          "field": "total_emissions",
          "issue": "Emissions value appears to be rounded to nearest thousand",
          "recommendation": "Consider reporting with appropriate precision (1-2 decimal places) to demonstrate calculation rigor.",
          "compliance_impact": "May raise questions about data quality during assurance"
        },
        {
          "severity": "suggestion",
          "field": "water_efficiency",
          "issue": "Low water consumption ratio (20.0%)",
          "recommendation": "High discharge rate may indicate opportunities for water recycling. Consider closed-loop systems or treatment for reuse.",
          "compliance_impact": "May indicate incomplete water efficiency measures"
        }
      ],
      "processing_time_seconds": 0.00104,
      "timestamp": "2025-06-11T04:06:25.809291"
    }
  ]
}